Experiment,date started,generation,f1_sucrose,tube,replicate,p_sucrose,condition,Time_1,Time_2,Time_3,spore_volume,spore_diam,mean_colonies,growth_measured,efficiency,Operator
Exp1,23.11.20,F2,1.5,1,1,1.5,C1,25,26,48,74.79,4.96,50.66667,27.11.20,n,Mariana
Exp1,23.11.20,F2,1.5,1,2,1.5,C1,22.5,35,46,74.79,4.96,50.66667,27.11.20,n,Mariana
Exp1,23.11.20,F2,1.5,1,3,1.5,C1,22.5,35.5,47,74.79,4.96,50.66667,27.11.20,n,Mariana
Exp1,23.11.20,F2,1.5,2,1,1.5,C1,27,41,50,82.88,5.1,26,27.11.20,n,Mariana
Exp1,23.11.20,F2,1.5,2,2,1.5,C1,26,32.5,48.5,82.88,5.1,26,27.11.20,n,Mariana
Exp1,23.11.20,F2,1.5,2,3,1.5,C1,25,39,48,82.88,5.1,26,27.11.20,n,Mariana
Exp1,23.11.20,F2,1.5,3,1,1.5,C1,25,34,42.5,80.49,5.03,41.66667,27.11.20,n,Mariana
Exp1,23.11.20,F2,1.5,3,2,1.5,C1,23.5,36.5,46,80.49,5.03,41.66667,27.11.20,n,Mariana
Exp1,23.11.20,F2,1.5,3,3,1.5,C1,25,38,49.5,80.49,5.03,41.66667,27.11.20,n,Mariana
Exp1,23.11.20,F2,1.5,3,4,1.5,C1,23,37,46,80.49,5.03,41.66667,27.11.20,n,Mariana
Exp1,23.11.20,F2,1.5,1,1,0.015,C2,20,30,38.5,74.79,4.96,50.66667,27.11.20,n,Mariana
Exp1,23.11.20,F2,1.5,1,2,0.015,C2,12,26,35,74.79,4.96,50.66667,27.11.20,n,Mariana
Exp1,23.11.20,F2,1.5,1,3,0.015,C2,23,33,45,74.79,4.96,50.66667,27.11.20,n,Mariana
Exp1,23.11.20,F2,1.5,2,1,0.015,C2,12,26,38,82.88,5.1,26,27.11.20,n,Mariana
Exp1,23.11.20,F2,1.5,2,2,0.015,C2,17,21,36.5,82.88,5.1,26,27.11.20,n,Mariana
Exp1,23.11.20,F2,1.5,2,3,0.015,C2,19.5,29,38.5,82.88,5.1,26,27.11.20,n,Mariana
Exp1,23.11.20,F2,1.5,3,1,0.015,C2,18,28,39,80.49,5.03,41.66667,27.11.20,n,Mariana
Exp1,23.11.20,F2,1.5,3,2,0.015,C2,19,29,39,80.49,5.03,41.66667,27.11.20,n,Mariana
Exp1,23.11.20,F2,1.5,3,3,0.015,C2,18,27,36,80.49,5.03,41.66667,27.11.20,n,Mariana
Exp1,23.11.20,F2,1.5,3,4,0.015,C2,21,32.5,42,80.49,5.03,41.66667,27.11.20,n,Mariana
Exp1,23.11.20,F2,0.015,4,1,1.5,C4,16,25,36.5,63.01,4.61,36.33333,27.11.20,n,Mariana
Exp1,23.11.20,F2,0.015,4,2,1.5,C4,15,24,33.5,63.01,4.61,36.33333,27.11.20,n,Mariana
Exp1,23.11.20,F2,0.015,4,3,1.5,C4,18,31,41,63.01,4.61,36.33333,27.11.20,n,Mariana
Exp1,23.11.20,F2,0.015,5,1,1.5,C4,16,21,37,69.71,4.72,37.33333,27.11.20,n,Mariana
Exp1,23.11.20,F2,0.015,5,2,1.5,C4,16.5,30,39,69.71,4.72,37.33333,27.11.20,n,Mariana
Exp1,23.11.20,F2,0.015,5,3,1.5,C4,16,23,36,69.71,4.72,37.33333,27.11.20,n,Mariana
Exp1,23.11.20,F2,0.015,6,1,1.5,C4,12,23,30,68.36,4.72,27.33333,27.11.20,n,Mariana
Exp1,23.11.20,F2,0.015,6,2,1.5,C4,14,23,35.5,68.36,4.72,27.33333,27.11.20,n,Mariana
Exp1,23.11.20,F2,0.015,6,3,1.5,C4,17.5,30,42,68.36,4.72,27.33333,27.11.20,n,Mariana
Exp1,23.11.20,F2,0.015,6,4,1.5,C4,14,25,39,68.36,4.72,27.33333,27.11.20,n,Mariana
Exp1,23.11.20,F2,0.015,4,1,0.015,C3,16.5,26,35,63.01,4.61,36.33333,27.11.20,n,Mariana
Exp1,23.11.20,F2,0.015,4,2,0.015,C3,13,22,31,63.01,4.61,36.33333,27.11.20,n,Mariana
Exp1,23.11.20,F2,0.015,4,3,0.015,C3,15.5,25,34,63.01,4.61,36.33333,27.11.20,n,Mariana
Exp1,23.11.20,F2,0.015,5,1,0.015,C3,12.5,20,29,69.71,4.72,37.33333,27.11.20,n,Mariana
Exp1,23.11.20,F2,0.015,5,2,0.015,C3,14,24,31,69.71,4.72,37.33333,27.11.20,n,Mariana
Exp1,23.11.20,F2,0.015,5,3,0.015,C3,14.5,24,32.5,69.71,4.72,37.33333,27.11.20,n,Mariana
Exp1,23.11.20,F2,0.015,6,1,0.015,C3,12,29,38,68.36,4.72,27.33333,27.11.20,n,Mariana
Exp1,23.11.20,F2,0.015,6,2,0.015,C3,14.5,26,35,68.36,4.72,27.33333,27.11.20,n,Mariana
Exp1,23.11.20,F2,0.015,6,3,0.015,C3,12,22,30.5,68.36,4.72,27.33333,27.11.20,n,Mariana
Exp1,23.11.20,F2,0.015,6,4,0.015,C3,14,23,32.5,68.36,4.72,27.33333,27.11.20,n,Mariana
Exp1,23.11.20,F3,1.5,1,1,1.5,C1,20,31.5,48,75.16,5,23,01.12.20,n,Mariana
Exp1,23.11.20,F3,1.5,1,2,1.5,C1,23,33,49.5,75.16,5,23,01.12.20,n,Mariana
Exp1,23.11.20,F3,1.5,1,3,1.5,C1,22.5,35,51,75.16,5,23,01.12.20,n,Mariana
Exp1,23.11.20,F3,1.5,2,1,1.5,C1,22,31,48,88.9,5.25,28,01.12.20,n,Mariana
Exp1,23.11.20,F3,1.5,2,2,1.5,C1,28,38,52,88.9,5.25,28,01.12.20,n,Mariana
Exp1,23.11.20,F3,1.5,2,3,1.5,C1,22.5,33,49,88.9,5.25,28,01.12.20,n,Mariana
Exp1,23.11.20,F3,1.5,3,1,1.5,C1,28.5,37.5,NA,89.91,5.28,40.5,01.12.20,n,Mariana
Exp1,23.11.20,F3,1.5,3,2,1.5,C1,20.5,29.5,44.5,89.91,5.28,40.5,01.12.20,n,Mariana
Exp1,23.11.20,F3,1.5,3,3,1.5,C1,22,31,45,89.91,5.28,40.5,01.12.20,n,Mariana
Exp1,23.11.20,F3,1.5,3,4,1.5,C1,22,36,50,89.91,5.28,40.5,01.12.20,n,Mariana
Exp1,23.11.20,F3,1.5,1,1,0.015,C2,15,20.5,32,77.52,4.85,16.5,01.12.20,n,Mariana
Exp1,23.11.20,F3,1.5,1,2,0.015,C2,16,24,38,77.52,4.85,16.5,01.12.20,n,Mariana
Exp1,23.11.20,F3,1.5,1,3,0.015,C2,15,21.5,35,77.52,4.85,16.5,01.12.20,n,Mariana
Exp1,23.11.20,F3,1.5,2,1,0.015,C2,15,20,34,66.06,4.69,23.5,01.12.20,n,Mariana
Exp1,23.11.20,F3,1.5,2,2,0.015,C2,16,21,35,66.06,4.69,23.5,01.12.20,n,Mariana
Exp1,23.11.20,F3,1.5,2,3,0.015,C2,16,22.5,37,66.06,4.69,23.5,01.12.20,n,Mariana
Exp1,23.11.20,F3,1.5,3,1,0.015,C2,13.5,19,35,68.39,4.7,19,01.12.20,n,Mariana
Exp1,23.11.20,F3,1.5,3,2,0.015,C2,14,19,33.5,68.39,4.7,19,01.12.20,n,Mariana
Exp1,23.11.20,F3,1.5,3,3,0.015,C2,14,19,32.5,68.39,4.7,19,01.12.20,n,Mariana
Exp1,23.11.20,F3,1.5,3,4,0.015,C2,17,23,37,68.39,4.7,19,01.12.20,n,Mariana
Exp1,23.11.20,F3,0.015,4,1,0.015,C3,20,29,44.5,78.71,5.05,30,01.12.20,n,Mariana
Exp1,23.11.20,F3,0.015,4,2,0.015,C3,19.5,27,41,78.71,5.05,30,01.12.20,n,Mariana
Exp1,23.11.20,F3,0.015,4,3,0.015,C3,21.5,28.5,42.5,78.71,5.05,30,01.12.20,n,Mariana
Exp1,23.11.20,F3,0.015,5,1,0.015,C3,20,27.5,40.5,103.7,5.49,21,01.12.20,n,Mariana
Exp1,23.11.20,F3,0.015,5,2,0.015,C3,18,25,39.5,103.7,5.49,21,01.12.20,n,Mariana
Exp1,23.11.20,F3,0.015,5,3,0.015,C3,17,22,35.5,103.7,5.49,21,01.12.20,n,Mariana
Exp1,23.11.20,F3,0.015,6,1,0.015,C3,14,19,35,80.15,5.06,25,01.12.20,n,Mariana
Exp1,23.11.20,F3,0.015,6,2,0.015,C3,16.5,19,38.5,80.15,5.06,25,01.12.20,n,Mariana
Exp1,23.11.20,F3,0.015,6,3,0.015,C3,19.5,25.5,41,80.15,5.06,25,01.12.20,n,Mariana
Exp1,23.11.20,F3,0.015,6,4,0.015,C3,17,23.5,36.5,80.15,5.06,25,01.12.20,n,Mariana
Exp1,23.11.20,F3,0.015,4,1,1.5,C4,15,23,37.5,88.73,5.25,32.5,01.12.20,n,Mariana
Exp1,23.11.20,F3,0.015,4,2,1.5,C4,19,23,43.5,88.73,5.25,32.5,01.12.20,n,Mariana
Exp1,23.11.20,F3,0.015,4,3,1.5,C4,23.5,31.5,49,88.73,5.25,32.5,01.12.20,n,Mariana
Exp1,23.11.20,F3,0.015,5,1,1.5,C4,20.5,30.5,47.5,93.29,5.32,25,01.12.20,n,Mariana
Exp1,23.11.20,F3,0.015,5,2,1.5,C4,19.5,27,41,93.29,5.32,25,01.12.20,n,Mariana
Exp1,23.11.20,F3,0.015,5,3,1.5,C4,23.5,35,50.5,93.29,5.32,25,01.12.20,n,Mariana
Exp1,23.11.20,F3,0.015,6,1,1.5,C4,18.5,25,42.5,89.91,5.25,43.5,01.12.20,n,Mariana
Exp1,23.11.20,F3,0.015,6,2,1.5,C4,25,33.5,NA,89.91,5.25,43.5,01.12.20,n,Mariana
Exp1,23.11.20,F3,0.015,6,3,1.5,C4,24,31,46,89.91,5.25,43.5,01.12.20,n,Mariana
Exp1,23.11.20,F3,0.015,6,4,1.5,C4,22.5,30.5,46,89.91,5.25,43.5,01.12.20,n,Mariana
Exp2,14.12.20,F2,1.5,7,1,1.5,C1,21.5,32,40,94.32,5.33,37.3333333333333,20.12.20,n,Mariana
Exp2,14.12.20,F2,1.5,7,2,1.5,C1,23,35,45,94.32,5.33,37.3333333333333,20.12.20,n,Mariana
Exp2,14.12.20,F2,1.5,8,1,1.5,C1,15.5,26,37,87.46,5.23,37.3333333333333,20.12.20,n,Mariana
Exp2,14.12.20,F2,1.5,8,2,1.5,C1,15,25,39,87.46,5.23,37.3333333333333,20.12.20,n,Mariana
Exp2,14.12.20,F2,1.5,8,3,1.5,C1,18,29,39,87.46,5.23,37.3333333333333,20.12.20,n,Mariana
Exp2,14.12.20,F2,1.5,9,1,1.5,C1,14,24.5,35.5,86.64,5.21,42.6666666666667,20.12.20,n,Mariana
Exp2,14.12.20,F2,1.5,9,2,1.5,C1,14,22,32,86.64,5.21,42.6666666666667,20.12.20,n,Mariana
Exp2,14.12.20,F2,1.5,9,3,1.5,C1,13.5,21,31.5,86.64,5.21,42.6666666666667,20.12.20,n,Mariana
Exp2,14.12.20,F2,1.5,9,4,1.5,C1,16,27,41,86.64,5.21,42.6666666666667,20.12.20,n,Mariana
Exp2,14.12.20,F2,0.015,10,1,1.5,C4,17,26.5,38.5,77.37,5.06,33.6666666666667,20.12.20,n,Mariana
Exp2,14.12.20,F2,0.015,10,2,1.5,C4,12,20,30.5,77.37,5.06,33.6666666666667,20.12.20,n,Mariana
Exp2,14.12.20,F2,0.015,10,3,1.5,C4,12.5,23,39,77.37,5.06,33.6666666666667,20.12.20,n,Mariana
Exp2,14.12.20,F2,0.015,11,1,1.5,C4,13,23,34,84.62,5.19,47.3333333333333,20.12.20,n,Mariana
Exp2,14.12.20,F2,0.015,11,2,1.5,C4,16,26,39,84.62,5.19,47.3333333333333,20.12.20,n,Mariana
Exp2,14.12.20,F2,0.015,11,3,1.5,C4,13,20,34,84.62,5.19,47.3333333333333,20.12.20,n,Mariana
Exp2,14.12.20,F2,0.015,12,1,1.5,C4,15.5,28,38,86.98,5.24,47.6666666666667,20.12.20,n,Mariana
Exp2,14.12.20,F2,0.015,12,2,1.5,C4,16,28,40,86.98,5.24,47.6666666666667,20.12.20,n,Mariana
Exp2,14.12.20,F2,0.015,12,3,1.5,C4,18,29.5,40,86.98,5.24,47.6666666666667,20.12.20,n,Mariana
Exp2,14.12.20,F2,0.015,12,4,1.5,C4,12,19,31,86.98,5.24,47.6666666666667,20.12.20,n,Mariana
Exp2,14.12.20,F2,0.015,10,1,0.015,C3,16,23,33,77.37,5.06,33.6666666666667,20.12.20,n,Mariana
Exp2,14.12.20,F2,0.015,10,2,0.015,C3,13,22,31,77.37,5.06,33.6666666666667,20.12.20,n,Mariana
Exp2,14.12.20,F2,0.015,10,3,0.015,C3,13,19,28,77.37,5.06,33.6666666666667,20.12.20,n,Mariana
Exp2,14.12.20,F2,0.015,11,1,0.015,C3,19,21,28.5,84.62,5.19,47.3333333333333,20.12.20,n,Mariana
Exp2,14.12.20,F2,0.015,11,2,0.015,C3,14.5,20.5,30,84.62,5.19,47.3333333333333,20.12.20,n,Mariana
Exp2,14.12.20,F2,0.015,11,3,0.015,C3,14,19,28.5,84.62,5.19,47.3333333333333,20.12.20,n,Mariana
Exp2,14.12.20,F2,0.015,12,1,0.015,C3,11.5,18,26,86.98,5.24,47.6666666666667,20.12.20,n,Mariana
Exp2,14.12.20,F2,0.015,12,2,0.015,C3,12,20,29,86.98,5.24,47.6666666666667,20.12.20,n,Mariana
Exp2,14.12.20,F2,0.015,12,3,0.015,C3,15,22.5,31.5,86.98,5.24,47.6666666666667,20.12.20,n,Mariana
Exp2,14.12.20,F2,0.015,12,4,0.015,C3,13,19,29,86.98,5.24,47.6666666666667,20.12.20,n,Mariana
Exp2,14.12.20,F2,1.5,7,1,0.015,C2,17,25.5,35.5,94.32,5.33,37.3333333333333,20.12.20,n,Mariana
Exp2,14.12.20,F2,1.5,7,2,0.015,C2,15.5,25,36,94.32,5.33,37.3333333333333,20.12.20,n,Mariana
Exp2,14.12.20,F2,1.5,7,3,0.015,C2,16,23.5,34,94.32,5.33,37.3333333333333,20.12.20,n,Mariana
Exp2,14.12.20,F2,1.5,8,1,0.015,C2,13.5,22.5,34,87.46,5.23,37.3333333333333,20.12.20,n,Mariana
Exp2,14.12.20,F2,1.5,8,2,0.015,C2,14.5,25,35,87.46,5.23,37.3333333333333,20.12.20,n,Mariana
Exp2,14.12.20,F2,1.5,8,3,0.015,C2,12,18.5,28.5,87.46,5.23,37.3333333333333,20.12.20,n,Mariana
Exp2,14.12.20,F2,1.5,9,1,0.015,C2,15,24.5,34.5,86.64,5.21,42.6666666666667,20.12.20,n,Mariana
Exp2,14.12.20,F2,1.5,9,2,0.015,C2,16,26,36.5,86.64,5.21,42.6666666666667,20.12.20,n,Mariana
Exp2,14.12.20,F2,1.5,9,3,0.015,C2,15,22.5,36.5,86.64,5.21,42.6666666666667,20.12.20,n,Mariana
Exp2,14.12.20,F2,1.5,9,4,0.015,C2,12,18.5,26,86.64,5.21,42.6666666666667,20.12.20,n,Mariana
Exp2,14.12.20,F3,1.5,7,1,1.5,C1,15.5,22.5,40,86.76,5.27,51.6666666666667,20.12.20,n,Mariana
Exp2,14.12.20,F3,1.5,7,2,1.5,C1,19.5,34,46.5,86.76,5.27,51.6666666666667,24.12.20,n,Mariana
Exp2,14.12.20,F3,1.5,7,3,1.5,C1,16,30,43,86.76,5.27,51.6666666666667,24.12.20,n,Mariana
Exp2,14.12.20,F3,1.5,8,1,1.5,C1,14,27,40,91,5.3,39,24.12.20,n,Mariana
Exp2,14.12.20,F3,1.5,8,2,1.5,C1,15.5,28,40,91,5.3,39,24.12.20,n,Mariana
Exp2,14.12.20,F3,1.5,8,3,1.5,C1,14,23,38,91,5.3,39,24.12.20,n,Mariana
Exp2,14.12.20,F3,1.5,9,1,1.5,C1,14,26.5,38.5,93.48,5.36,37.3333333333333,24.12.20,n,Mariana
Exp2,14.12.20,F3,1.5,9,2,1.5,C1,13,25.5,42,93.48,5.36,37.3333333333333,24.12.20,n,Mariana
Exp2,14.12.20,F3,1.5,9,3,1.5,C1,15.5,22.5,42,93.48,5.36,37.3333333333333,24.12.20,n,Mariana
Exp2,14.12.20,F3,1.5,9,4,1.5,C1,15,29,42.5,93.48,5.36,37.3333333333333,24.12.20,n,Mariana
Exp2,14.12.20,F3,1.5,7,1,0.015,C2,11,21,33,91.65,5.31,46.3333333333333,24.12.20,n,Mariana
Exp2,14.12.20,F3,1.5,7,2,0.015,C2,11,20,30.5,91.65,5.31,46.3333333333333,24.12.20,n,Mariana
Exp2,14.12.20,F3,1.5,7,3,0.015,C2,12,22,31,91.65,5.31,46.3333333333333,24.12.20,n,Mariana
Exp2,14.12.20,F3,1.5,8,1,0.015,C2,12,20,33,89.55,5.29,35.3333333333333,24.12.20,n,Mariana
Exp2,14.12.20,F3,1.5,8,2,0.015,C2,10,17.5,29,89.55,5.29,35.3333333333333,24.12.20,n,Mariana
Exp2,14.12.20,F3,1.5,8,3,0.015,C2,12,23.5,35,89.55,5.29,35.3333333333333,24.12.20,n,Mariana
Exp2,14.12.20,F3,1.5,9,1,0.015,C2,12,20,31.5,86.75,5.22,39.6666666666667,24.12.20,n,Mariana
Exp2,14.12.20,F3,1.5,9,2,0.015,C2,13,21.5,36.5,86.75,5.22,39.6666666666667,24.12.20,n,Mariana
Exp2,14.12.20,F3,1.5,9,3,0.015,C2,10.5,20,31,86.75,5.22,39.6666666666667,24.12.20,n,Mariana
Exp2,14.12.20,F3,1.5,9,4,0.015,C2,14,23,33.5,86.75,5.22,39.6666666666667,24.12.20,n,Mariana
Exp2,14.12.20,F3,0.015,10,1,0.015,C3,11,18.5,32.5,92.65,5.33,37.75,24.12.20,n,Mariana
Exp2,14.12.20,F3,0.015,10,2,0.015,C3,14,24,34,92.65,5.33,37.75,24.12.20,n,Mariana
Exp2,14.12.20,F3,0.015,10,3,0.015,C3,13,24.5,35,92.65,5.33,37.75,24.12.20,n,Mariana
Exp2,14.12.20,F3,0.015,11,1,0.015,C3,11,20,32,91.57,5.27,36,24.12.20,n,Mariana
Exp2,14.12.20,F3,0.015,11,2,0.015,C3,15,24,33,91.57,5.27,36,24.12.20,n,Mariana
Exp2,14.12.20,F3,0.015,11,3,0.015,C3,13,21,32,91.57,5.27,36,24.12.20,n,Mariana
Exp2,14.12.20,F3,0.015,12,1,0.015,C3,15.5,26.5,39,89.46,5.24,40,24.12.20,n,Mariana
Exp2,14.12.20,F3,0.015,12,2,0.015,C3,14,23,39,89.46,5.24,40,24.12.20,n,Mariana
Exp2,14.12.20,F3,0.015,12,3,0.015,C3,15.5,27,39,89.46,5.24,40,24.12.20,n,Mariana
Exp2,14.12.20,F3,0.015,12,4,0.015,C3,15,24.5,36,89.46,5.24,40,24.12.20,n,Mariana
Exp2,14.12.20,F3,0.015,10,1,1.5,C4,12,23,42,91.83,5.32,39.5,24.12.20,n,Mariana
Exp2,14.12.20,F3,0.015,10,2,1.5,C4,16.5,30,42,91.83,5.32,39.5,24.12.20,n,Mariana
Exp2,14.12.20,F3,0.015,10,3,1.5,C4,15.5,30,41,91.83,5.32,39.5,24.12.20,n,Mariana
Exp2,14.12.20,F3,0.015,11,1,1.5,C4,17,32,43.5,97.9,5.41,42.3333333333333,24.12.20,n,Mariana
Exp2,14.12.20,F3,0.015,11,2,1.5,C4,18,32,43.5,97.9,5.41,42.3333333333333,24.12.20,n,Mariana
Exp2,14.12.20,F3,0.015,11,3,1.5,C4,17.5,30,44,97.9,5.41,42.3333333333333,24.12.20,n,Mariana
Exp2,14.12.20,F3,0.015,12,1,1.5,C4,13,24,33.5,99.61,5.43,36.3333333333333,24.12.20,n,Mariana
Exp2,14.12.20,F3,0.015,12,2,1.5,C4,13.5,22,35,99.61,5.43,36.3333333333333,24.12.20,n,Mariana
Exp2,14.12.20,F3,0.015,12,3,1.5,C4,14,26,38,99.61,5.43,36.3333333333333,24.12.20,n,Mariana
Exp2,14.12.20,F3,0.015,12,4,1.5,C4,13,22.5,39.5,99.61,5.43,36.3333333333333,24.12.20,n,Mariana
Exp3,12.01.21,F2,1.5,13,1,1.5,C1,22.5,32,44,92.09,5.35,38,19.01.21,n,Mariana
Exp3,12.01.21,F2,1.5,13,2,1.5,C1,25,38,50,92.09,5.35,38,19.01.21,n,Mariana
Exp3,12.01.21,F2,1.5,13,3,1.5,C1,25,39,49,92.09,5.35,38,19.01.21,n,Mariana
Exp3,12.01.21,F2,1.5,14,1,1.5,C1,24,35,45.5,93.81,5.36,41,19.01.21,n,Mariana
Exp3,12.01.21,F2,1.5,14,2,1.5,C1,22,35,49,93.81,5.36,41,19.01.21,n,Mariana
Exp3,12.01.21,F2,1.5,14,3,1.5,C1,21,33,47,93.81,5.36,41,19.01.21,n,Mariana
Exp3,12.01.21,F2,1.5,15,1,1.5,C1,22.5,34.5,46,95.1,5.37,44.3333333333333,19.01.21,n,Mariana
Exp3,12.01.21,F2,1.5,15,2,1.5,C1,17.5,29,39,95.1,5.37,44.3333333333333,19.01.21,n,Mariana
Exp3,12.01.21,F2,1.5,15,3,1.5,C1,21,32,44,95.1,5.37,44.3333333333333,19.01.21,n,Mariana
Exp3,12.01.21,F2,1.5,15,4,1.5,C1,23,34.5,45,95.1,5.37,44.3333333333333,19.01.21,n,Mariana
Exp3,12.01.21,F2,1.5,13,1,0.015,C2,21,31,41,92.09,5.35,38,19.01.21,n,Mariana
Exp3,12.01.21,F2,1.5,13,2,0.015,C2,20.5,31.5,41.5,92.09,5.35,38,19.01.21,n,Mariana
Exp3,12.01.21,F2,1.5,13,3,0.015,C2,19,29,40.5,92.09,5.35,38,19.01.21,n,Mariana
Exp3,12.01.21,F2,1.5,14,1,0.015,C2,19,30,39,93.81,5.36,41,19.01.21,n,Mariana
Exp3,12.01.21,F2,1.5,14,2,0.015,C2,21,32,43,93.81,5.36,41,19.01.21,n,Mariana
Exp3,12.01.21,F2,1.5,14,3,0.015,C2,18.5,28,37,93.81,5.36,41,19.01.21,n,Mariana
Exp3,12.01.21,F2,1.5,15,1,0.015,C2,12,22,30.5,95.1,5.37,44.3333333333333,19.01.21,n,Mariana
Exp3,12.01.21,F2,1.5,15,2,0.015,C2,14,27,33,95.1,5.37,44.3333333333333,19.01.21,n,Mariana
Exp3,12.01.21,F2,1.5,15,3,0.015,C2,21,32,40,95.1,5.37,44.3333333333333,19.01.21,n,Mariana
Exp3,12.01.21,F2,1.5,15,4,0.015,C2,15,24,34,95.1,5.37,44.3333333333333,19.01.21,n,Mariana
Exp3,12.01.21,F2,0.015,16,1,0.015,C3,18,28,33,104.5,5.55,38.3333333333333,19.01.21,n,Mariana
Exp3,12.01.21,F2,0.015,16,2,0.015,C3,16,23,32,104.5,5.55,38.3333333333333,19.01.21,n,Mariana
Exp3,12.01.21,F2,0.015,16,3,0.015,C3,13,25,39,104.5,5.55,38.3333333333333,19.01.21,n,Mariana
Exp3,12.01.21,F2,0.015,17,1,0.015,C3,15,27,39,100.3,5.47,33,19.01.21,n,Mariana
Exp3,12.01.21,F2,0.015,17,2,0.015,C3,14,25,38,100.3,5.47,33,19.01.21,n,Mariana
Exp3,12.01.21,F2,0.015,17,3,0.015,C3,13,25,35,100.3,5.47,33,19.01.21,n,Mariana
Exp3,12.01.21,F2,0.015,18,1,0.015,C3,15,26,35,99.24,5.46,38,19.01.21,n,Mariana
Exp3,12.01.21,F2,0.015,18,2,0.015,C3,16,27,37,99.24,5.46,38,19.01.21,n,Mariana
Exp3,12.01.21,F2,0.015,18,3,0.015,C3,13,20.5,33,99.24,5.46,38,19.01.21,n,Mariana
Exp3,12.01.21,F2,0.015,18,4,0.015,C3,18,28.5,38,99.24,5.46,38,19.01.21,n,Mariana
Exp3,12.01.21,F2,0.015,16,1,1.5,C4,17,28,41,104.5,5.55,38.3333333333333,19.01.21,n,Mariana
Exp3,12.01.21,F2,0.015,16,2,1.5,C4,19,33,43,104.5,5.55,38.3333333333333,19.01.21,n,Mariana
Exp3,12.01.21,F2,0.015,16,3,1.5,C4,17,29,40,104.5,5.55,38.3333333333333,19.01.21,n,Mariana
Exp3,12.01.21,F2,0.015,17,1,1.5,C4,19,30,44.5,100.3,5.47,33,19.01.21,n,Mariana
Exp3,12.01.21,F2,0.015,17,2,1.5,C4,17,25,35,100.3,5.47,33,19.01.21,n,Mariana
Exp3,12.01.21,F2,0.015,17,3,1.5,C4,20,32,44,100.3,5.47,33,19.01.21,n,Mariana
Exp3,12.01.21,F2,0.015,18,1,1.5,C4,21,33,45,99.24,5.46,38,19.01.21,n,Mariana
Exp3,12.01.21,F2,0.015,18,2,1.5,C4,14,24,37,99.24,5.46,38,19.01.21,n,Mariana
Exp3,12.01.21,F2,0.015,18,3,1.5,C4,19.5,30,40,99.24,5.46,38,19.01.21,n,Mariana
Exp3,12.01.21,F2,0.015,18,4,1.5,C4,15,23.5,35,99.24,5.46,38,19.01.21,n,Mariana
Exp3,12.01.21,F3,1.5,13,1,1.5,C1,38,NA,NA,92.67,5.37,38.6666666666667,22.01.21,n,Mariana
Exp3,12.01.21,F3,1.5,13,2,1.5,C1,36,51,NA,92.67,5.37,38.6666666666667,22.01.21,n,Mariana
Exp3,12.01.21,F3,1.5,13,3,1.5,C1,31,50.5,NA,92.67,5.37,38.6666666666667,22.01.21,n,Mariana
Exp3,12.01.21,F3,1.5,14,1,1.5,C1,36,NA,NA,93.43,5.38,50,22.01.21,n,Mariana
Exp3,12.01.21,F3,1.5,14,2,1.5,C1,33.5,NA,NA,93.43,5.38,50,22.01.21,n,Mariana
Exp3,12.01.21,F3,1.5,14,3,1.5,C1,36.5,NA,NA,93.43,5.38,50,22.01.21,n,Mariana
Exp3,12.01.21,F3,1.5,15,1,1.5,C1,36,51,NA,92.08,5.36,35.3333333333333,22.01.21,n,Mariana
Exp3,12.01.21,F3,1.5,15,2,1.5,C1,35,49,NA,92.08,5.36,35.3333333333333,22.01.21,n,Mariana
Exp3,12.01.21,F3,1.5,15,3,1.5,C1,36,NA,NA,92.08,5.36,35.3333333333333,22.01.21,n,Mariana
Exp3,12.01.21,F3,1.5,15,4,1.5,C1,33,49,NA,92.08,5.36,35.3333333333333,22.01.21,n,Mariana
Exp3,12.01.21,F3,1.5,13,1,0.015,C2,27,43,NA,91.87,5.33,31.6666666666667,22.01.21,n,Mariana
Exp3,12.01.21,F3,1.5,13,2,0.015,C2,25,48,NA,91.87,5.33,31.6666666666667,22.01.21,n,Mariana
Exp3,12.01.21,F3,1.5,13,3,0.015,C2,26,40.5,NA,91.87,5.33,31.6666666666667,22.01.21,n,Mariana
Exp3,12.01.21,F3,1.5,14,1,0.015,C2,26,47,NA,92.71,5.36,25.3333333333333,22.01.21,n,Mariana
Exp3,12.01.21,F3,1.5,14,2,0.015,C2,27,38,NA,92.71,5.36,25.3333333333333,22.01.21,n,Mariana
Exp3,12.01.21,F3,1.5,14,3,0.015,C2,31,47,NA,92.71,5.36,25.3333333333333,22.01.21,n,Mariana
Exp3,12.01.21,F3,1.5,15,1,0.015,C2,25,48,NA,92.26,5.3,34.3333333333333,22.01.21,n,Mariana
Exp3,12.01.21,F3,1.5,15,2,0.015,C2,26.5,46,NA,92.26,5.3,34.3333333333333,22.01.21,n,Mariana
Exp3,12.01.21,F3,1.5,15,3,0.015,C2,23,42,NA,92.26,5.3,34.3333333333333,22.01.21,n,Mariana
Exp3,12.01.21,F3,1.5,15,4,0.015,C2,24,48,NA,92.26,5.3,34.3333333333333,22.01.21,n,Mariana
Exp3,12.01.21,F3,0.015,16,1,0.015,C3,24.5,41,NA,94.82,5.39,40.75,22.01.21,n,Mariana
Exp3,12.01.21,F3,0.015,16,2,0.015,C3,29,44,NA,94.82,5.39,40.75,22.01.21,n,Mariana
Exp3,12.01.21,F3,0.015,16,3,0.015,C3,28,42,NA,94.82,5.39,40.75,22.01.21,n,Mariana
Exp3,12.01.21,F3,0.015,17,1,0.015,C3,29,45,NA,93.32,5.34,37.3333333333333,22.01.21,n,Mariana
Exp3,12.01.21,F3,0.015,17,2,0.015,C3,28,49,NA,93.32,5.34,37.3333333333333,22.01.21,n,Mariana
Exp3,12.01.21,F3,0.015,17,3,0.015,C3,23,47,NA,93.32,5.34,37.3333333333333,22.01.21,n,Mariana
Exp3,12.01.21,F3,0.015,18,1,0.015,C3,29,44.5,NA,90.86,5.28,38,22.01.21,n,Mariana
Exp3,12.01.21,F3,0.015,18,2,0.015,C3,27,43.5,NA,90.86,5.28,38,22.01.21,n,Mariana
Exp3,12.01.21,F3,0.015,18,3,0.015,C3,23,47,NA,90.86,5.28,38,22.01.21,n,Mariana
Exp3,12.01.21,F3,0.015,18,4,0.015,C3,26,43,NA,90.86,5.28,38,22.01.21,n,Mariana
Exp3,12.01.21,F3,0.015,16,1,1.5,C4,29,47,NA,91.95,5.32,37.5,22.01.21,n,Mariana
Exp3,12.01.21,F3,0.015,16,2,1.5,C4,33,49,NA,91.95,5.32,37.5,22.01.21,n,Mariana
Exp3,12.01.21,F3,0.015,16,3,1.5,C4,32,NA,NA,91.95,5.32,37.5,22.01.21,n,Mariana
Exp3,12.01.21,F3,0.015,17,1,1.5,C4,36,NA,NA,94.96,5.37,41.6666666666667,22.01.21,n,Mariana
Exp3,12.01.21,F3,0.015,17,2,1.5,C4,28,46,NA,94.96,5.37,41.6666666666667,22.01.21,n,Mariana
Exp3,12.01.21,F3,0.015,17,3,1.5,C4,35,47,NA,94.96,5.37,41.6666666666667,22.01.21,n,Mariana
Exp3,12.01.21,F3,0.015,18,1,1.5,C4,33,50,NA,96.33,5.41,42.3333333333333,22.01.21,n,Mariana
Exp3,12.01.21,F3,0.015,18,2,1.5,C4,31,45,NA,96.33,5.41,42.3333333333333,22.01.21,n,Mariana
Exp3,12.01.21,F3,0.015,18,3,1.5,C4,37,51,NA,96.33,5.41,42.3333333333333,22.01.21,n,Mariana
Exp3,12.01.21,F3,0.015,18,4,1.5,C4,38,NA,NA,96.33,5.41,42.3333333333333,22.01.21,n,Mariana
Exp4,16.02.21,F2,1.5,19,1,1.5,C1,26,40.5,49,87.35,5.23,39.6666666666667,23.02.21,y,Mariana
Exp4,16.02.21,F2,1.5,19,2,1.5,C1,25,36.5,48,87.35,5.23,39.6666666666667,23.02.21,y,Mariana
Exp4,16.02.21,F2,1.5,19,3,1.5,C1,22.5,35,45,87.35,5.23,39.6666666666667,23.02.21,y,Mariana
Exp4,16.02.21,F2,1.5,20,1,1.5,C1,22,34,46,87.34,5.23,39,23.02.21,y,Mariana
Exp4,16.02.21,F2,1.5,20,2,1.5,C1,21,32.5,42,87.34,5.23,39,23.02.21,y,Mariana
Exp4,16.02.21,F2,1.5,20,3,1.5,C1,20.5,32,42,87.34,5.23,39,23.02.21,y,Mariana
Exp4,16.02.21,F2,1.5,21,1,1.5,C1,21.5,33,43,92.89,5.33,45.3333333333333,23.02.21,y,Mariana
Exp4,16.02.21,F2,1.5,21,2,1.5,C1,22,35,46.5,92.89,5.33,45.3333333333333,23.02.21,y,Mariana
Exp4,16.02.21,F2,1.5,21,3,1.5,C1,20,33,45,92.89,5.33,45.3333333333333,23.02.21,y,Mariana
Exp4,16.02.21,F2,1.5,21,4,1.5,C1,18,29,39,92.89,5.33,45.3333333333333,23.02.21,y,Mariana
Exp4,16.02.21,F2,1.5,19,1,0.015,C2,21,31.5,41.5,87.35,5.23,39.6666666666667,23.02.21,y,Mariana
Exp4,16.02.21,F2,1.5,19,2,0.015,C2,20,30,40,87.35,5.23,39.6666666666667,23.02.21,y,Mariana
Exp4,16.02.21,F2,1.5,19,3,0.015,C2,21.5,33,41.5,87.35,5.23,39.6666666666667,23.02.21,y,Mariana
Exp4,16.02.21,F2,1.5,20,1,0.015,C2,18,31,41,87.34,5.23,39,23.02.21,y,Mariana
Exp4,16.02.21,F2,1.5,20,2,0.015,C2,19,30,40,87.34,5.23,39,23.02.21,y,Mariana
Exp4,16.02.21,F2,1.5,20,3,0.015,C2,18.5,30,38,87.34,5.23,39,23.02.21,y,Mariana
Exp4,16.02.21,F2,1.5,21,1,0.015,C2,19,29.5,38,92.89,5.33,45.3333333333333,23.02.21,y,Mariana
Exp4,16.02.21,F2,1.5,21,2,0.015,C2,20,31.5,41.5,92.89,5.33,45.3333333333333,23.02.21,y,Mariana
Exp4,16.02.21,F2,1.5,21,3,0.015,C2,19,30,38,92.89,5.33,45.3333333333333,23.02.21,y,Mariana
Exp4,16.02.21,F2,1.5,21,4,0.015,C2,21,30.5,39.5,92.89,5.33,45.3333333333333,23.02.21,y,Mariana
Exp4,16.02.21,F2,0.015,22,1,0.015,C3,22,33,41.5,90.68,5.36,39.3333333333333,23.02.21,y,Mariana
Exp4,16.02.21,F2,0.015,22,2,0.015,C3,21.5,30.5,40,90.68,5.36,39.3333333333333,23.02.21,y,Mariana
Exp4,16.02.21,F2,0.015,22,3,0.015,C3,24,34,45,90.68,5.36,39.3333333333333,23.02.21,y,Mariana
Exp4,16.02.21,F2,0.015,23,1,0.015,C3,20,31,40.5,93.11,5.38,39,23.02.21,y,Mariana
Exp4,16.02.21,F2,0.015,23,2,0.015,C3,14.5,25,35,93.11,5.38,39,23.02.21,y,Mariana
Exp4,16.02.21,F2,0.015,23,3,0.015,C3,17,27,37,93.11,5.38,39,23.02.21,y,Mariana
Exp4,16.02.21,F2,0.015,24,1,0.015,C3,18,27.5,38,94.12,5.36,35.25,23.02.21,y,Mariana
Exp4,16.02.21,F2,0.015,24,2,0.015,C3,18,27.5,36,94.12,5.36,35.25,23.02.21,y,Mariana
Exp4,16.02.21,F2,0.015,24,3,0.015,C3,14.5,24.5,32,94.12,5.36,35.25,23.02.21,y,Mariana
Exp4,16.02.21,F2,0.015,24,4,0.015,C3,15.5,26,34.5,94.12,5.36,35.25,23.02.21,y,Mariana
Exp4,16.02.21,F2,0.015,22,1,1.5,C4,21,34,43.5,90.68,5.36,39.3333333333333,23.02.21,y,Mariana
Exp4,16.02.21,F2,0.015,22,2,1.5,C4,25.5,37,43,90.68,5.36,39.3333333333333,23.02.21,y,Mariana
Exp4,16.02.21,F2,0.015,22,3,1.5,C4,20,33,43.5,90.68,5.36,39.3333333333333,23.02.21,y,Mariana
Exp4,16.02.21,F2,0.015,23,1,1.5,C4,18.5,32.5,42,93.11,5.38,39,23.02.21,y,Mariana
Exp4,16.02.21,F2,0.015,23,2,1.5,C4,18.5,33,43.5,93.11,5.38,39,23.02.21,y,Mariana
Exp4,16.02.21,F2,0.015,23,3,1.5,C4,18,31.5,43,93.11,5.38,39,23.02.21,y,Mariana
Exp4,16.02.21,F2,0.015,24,1,1.5,C4,21,32,40.5,94.12,5.36,35.25,23.02.21,y,Mariana
Exp4,16.02.21,F2,0.015,24,2,1.5,C4,21,36,48,94.12,5.36,35.25,23.02.21,y,Mariana
Exp4,16.02.21,F2,0.015,24,3,1.5,C4,17,30,39,94.12,5.36,35.25,23.02.21,y,Mariana
Exp4,16.02.21,F2,0.015,24,4,1.5,C4,17.5,31,41,94.12,5.36,35.25,23.02.21,y,Mariana
Exp5,26.02.21,F2,1.5,25,1,1.5,C1,36,46.5,NA,95.53,5.37,NA,06.03.21,y,Mariana
Exp5,26.02.21,F2,1.5,25,2,1.5,C1,34,43,NA,95.53,5.37,NA,06.03.21,y,Mariana
Exp5,26.02.21,F2,1.5,25,3,1.5,C1,35.5,45.5,NA,95.53,5.37,NA,06.03.21,y,Mariana
Exp5,26.02.21,F2,1.5,26,1,1.5,C1,43,50,NA,93.48,5.32,NA,06.03.21,y,Mariana
Exp5,26.02.21,F2,1.5,26,2,1.5,C1,38.5,47,NA,93.48,5.32,NA,06.03.21,y,Mariana
Exp5,26.02.21,F2,1.5,26,3,1.5,C1,34,43.5,51,93.48,5.32,NA,06.03.21,y,Mariana
Exp5,26.02.21,F2,1.5,27,1,1.5,C1,32,40,50,94.99,5.34,NA,06.03.21,y,Mariana
Exp5,26.02.21,F2,1.5,27,2,1.5,C1,32,41,49,94.99,5.34,NA,06.03.21,y,Mariana
Exp5,26.02.21,F2,1.5,27,3,1.5,C1,27,37,45,94.99,5.34,NA,06.03.21,y,Mariana
Exp5,26.02.21,F2,1.5,27,4,1.5,C1,30,38,45,94.99,5.34,NA,06.03.21,y,Mariana
Exp5,26.02.21,F2,1.5,25,1,0.015,C2,29,36.5,43,95.53,5.37,NA,06.03.21,y,Mariana
Exp5,26.02.21,F2,1.5,25,2,0.015,C2,32.5,37,44.5,95.53,5.37,NA,06.03.21,y,Mariana
Exp5,26.02.21,F2,1.5,25,3,0.015,C2,33,41,49,95.53,5.37,NA,06.03.21,y,Mariana
Exp5,26.02.21,F2,1.5,26,1,0.015,C2,27,35,41,93.48,5.32,NA,06.03.21,y,Mariana
Exp5,26.02.21,F2,1.5,26,2,0.015,C2,29,36,43,93.48,5.32,NA,06.03.21,y,Mariana
Exp5,26.02.21,F2,1.5,26,3,0.015,C2,26,32.5,40,93.48,5.32,NA,06.03.21,y,Mariana
Exp5,26.02.21,F2,1.5,27,1,0.015,C2,28,35,41,94.99,5.34,NA,06.03.21,y,Mariana
Exp5,26.02.21,F2,1.5,27,2,0.015,C2,30,37,43,94.99,5.34,NA,06.03.21,y,Mariana
Exp5,26.02.21,F2,1.5,27,3,0.015,C2,26,35,41.5,94.99,5.34,NA,06.03.21,y,Mariana
Exp5,26.02.21,F2,1.5,27,4,0.015,C2,29,38,45,94.99,5.34,NA,06.03.21,y,Mariana
Exp5,26.02.21,F2,0.015,28,1,0.015,C3,25.5,33,40.5,91.85,5.34,NA,06.03.21,y,Mariana
Exp5,26.02.21,F2,0.015,28,2,0.015,C3,28,35,42,91.85,5.34,NA,06.03.21,y,Mariana
Exp5,26.02.21,F2,0.015,28,3,0.015,C3,29,35,42,91.85,5.34,NA,06.03.21,y,Mariana
Exp5,26.02.21,F2,0.015,29,1,0.015,C3,24,33,40,92.52,5.33,NA,06.03.21,y,Mariana
Exp5,26.02.21,F2,0.015,29,2,0.015,C3,28,37,43,92.52,5.33,NA,06.03.21,y,Mariana
Exp5,26.02.21,F2,0.015,29,3,0.015,C3,23,31,38,92.52,5.33,NA,06.03.21,y,Mariana
Exp5,26.02.21,F2,0.015,30,1,0.015,C3,25,31,38,90.59,5.28,NA,06.03.21,y,Mariana
Exp5,26.02.21,F2,0.015,30,2,0.015,C3,25,32,39,90.59,5.28,NA,06.03.21,y,Mariana
Exp5,26.02.21,F2,0.015,30,3,0.015,C3,24.5,31.5,40.5,90.59,5.28,NA,06.03.21,y,Mariana
Exp5,26.02.21,F2,0.015,30,4,0.015,C3,21,29,36,90.59,5.28,NA,06.03.21,y,Mariana
Exp5,26.02.21,F2,0.015,28,1,1.5,C4,25,33.5,42.5,91.85,5.34,NA,06.03.21,y,Mariana
Exp5,26.02.21,F2,0.015,28,2,1.5,C4,32,42,49,91.85,5.34,NA,06.03.21,y,Mariana
Exp5,26.02.21,F2,0.015,28,3,1.5,C4,28,38,46,91.85,5.34,NA,06.03.21,y,Mariana
Exp5,26.02.21,F2,0.015,29,1,1.5,C4,25,35,43,92.52,5.33,NA,06.03.21,y,Mariana
Exp5,26.02.21,F2,0.015,29,2,1.5,C4,29,38,46,92.52,5.33,NA,06.03.21,y,Mariana
Exp5,26.02.21,F2,0.015,29,3,1.5,C4,30,38,46,92.52,5.33,NA,06.03.21,y,Mariana
Exp5,26.02.21,F2,0.015,30,1,1.5,C4,30,39,48,90.59,5.28,NA,06.03.21,y,Mariana
Exp5,26.02.21,F2,0.015,30,2,1.5,C4,31.5,38,45,90.59,5.28,NA,06.03.21,y,Mariana
Exp5,26.02.21,F2,0.015,30,3,1.5,C4,25,33,42,90.59,5.28,NA,06.03.21,y,Mariana
Exp5,26.02.21,F2,0.015,30,4,1.5,C4,25,34,43,90.59,5.28,NA,06.03.21,y,Mariana
Exp5,26.02.21,F3,1.5,25,1,1.5,C1,19,33,41.5,94.57,5.33,39,09.03.21,y,Mariana
Exp5,26.02.21,F3,1.5,25,2,1.5,C1,16.5,30,39.5,94.57,5.33,39,09.03.21,y,Mariana
Exp5,26.02.21,F3,1.5,25,3,1.5,C1,21,36,45,94.57,5.33,39,09.03.21,y,Mariana
Exp5,26.02.21,F3,1.5,26,1,1.5,C1,28,42,49,102.6,5.5,49.6666666666667,09.03.21,y,Mariana
Exp5,26.02.21,F3,1.5,26,2,1.5,C1,23,34.5,42,102.6,5.5,49.6666666666667,09.03.21,y,Mariana
Exp5,26.02.21,F3,1.5,26,3,1.5,C1,23,39,46,102.6,5.5,49.6666666666667,09.03.21,y,Mariana
Exp5,26.02.21,F3,1.5,27,1,1.5,C1,20,32,41,97.32,5.39,40.6666666666667,09.03.21,y,Mariana
Exp5,26.02.21,F3,1.5,27,2,1.5,C1,18.5,30,38,97.32,5.39,40.6666666666667,09.03.21,y,Mariana
Exp5,26.02.21,F3,1.5,27,3,1.5,C1,19.5,34,44,97.32,5.39,40.6666666666667,09.03.21,y,Mariana
Exp5,26.02.21,F3,1.5,27,4,1.5,C1,19,33,42,97.32,5.39,40.6666666666667,09.03.21,y,Mariana
Exp5,26.02.21,F3,1.5,25,1,0.015,C2,19,31.5,39.5,98.27,5.49,32.6666666666667,09.03.21,y,Mariana
Exp5,26.02.21,F3,1.5,25,2,0.015,C2,15,24,33,98.27,5.49,32.6666666666667,09.03.21,y,Mariana
Exp5,26.02.21,F3,1.5,25,3,0.015,C2,17,29,38,98.27,5.49,32.6666666666667,09.03.21,y,Mariana
Exp5,26.02.21,F3,1.5,26,1,0.015,C2,18,29,35,91.85,5.33,33,09.03.21,y,Mariana
Exp5,26.02.21,F3,1.5,26,2,0.015,C2,17,28,37,91.85,5.33,33,09.03.21,y,Mariana
Exp5,26.02.21,F3,1.5,26,3,0.015,C2,15,27,35,91.85,5.33,33,09.03.21,y,Mariana
Exp5,26.02.21,F3,1.5,27,1,0.015,C2,12,23,32,95.48,5.39,32.6666666666667,09.03.21,y,Mariana
Exp5,26.02.21,F3,1.5,27,2,0.015,C2,19,29.5,35,95.48,5.39,32.6666666666667,09.03.21,y,Mariana
Exp5,26.02.21,F3,1.5,27,3,0.015,C2,18,29,35,95.48,5.39,32.6666666666667,09.03.21,y,Mariana
Exp5,26.02.21,F3,1.5,27,4,0.015,C2,17,27,35,95.48,5.39,32.6666666666667,09.03.21,y,Mariana
Exp5,26.02.21,F3,0.015,28,1,0.015,C3,17,29,35.5,94.34,5.39,22.3333333333333,09.03.21,y,Mariana
Exp5,26.02.21,F3,0.015,28,2,0.015,C3,12,21.5,30.5,94.34,5.39,22.3333333333333,09.03.21,y,Mariana
Exp5,26.02.21,F3,0.015,28,3,0.015,C3,14,24,30.5,94.34,5.39,22.3333333333333,09.03.21,y,Mariana
Exp5,26.02.21,F3,0.015,29,1,0.015,C3,21,33.5,41,99.27,5.47,18.6666666666667,09.03.21,y,Mariana
Exp5,26.02.21,F3,0.015,29,2,0.015,C3,16,27,35,99.27,5.47,18.6666666666667,09.03.21,y,Mariana
Exp5,26.02.21,F3,0.015,29,3,0.015,C3,19,30,37,99.27,5.47,18.6666666666667,09.03.21,y,Mariana
Exp5,26.02.21,F3,0.015,30,1,0.015,C3,19,31,40,96.56,5.43,13.6666666666667,09.03.21,y,Mariana
Exp5,26.02.21,F3,0.015,30,2,0.015,C3,13,25,34,96.56,5.43,13.6666666666667,09.03.21,y,Mariana
Exp5,26.02.21,F3,0.015,30,3,0.015,C3,15,26,32,96.56,5.43,13.6666666666667,09.03.21,y,Mariana
Exp5,26.02.21,F3,0.015,30,4,0.015,C3,15,25,33,96.56,5.43,13.6666666666667,09.03.21,y,Mariana
Exp5,26.02.21,F3,0.015,28,1,1.5,C4,21,35,43,108.8,5.62,35.6666666666667,09.03.21,y,Mariana
Exp5,26.02.21,F3,0.015,28,2,1.5,C4,22,38,46,108.8,5.62,35.6666666666667,09.03.21,y,Mariana
Exp5,26.02.21,F3,0.015,28,3,1.5,C4,26,39,47,108.8,5.62,35.6666666666667,09.03.21,y,Mariana
Exp5,26.02.21,F3,0.015,29,1,1.5,C4,18.5,33,41,107.6,5.56,35.3333333333333,09.03.21,y,Mariana
Exp5,26.02.21,F3,0.015,29,2,1.5,C4,20,33,40.5,107.6,5.56,35.3333333333333,09.03.21,y,Mariana
Exp5,26.02.21,F3,0.015,29,3,1.5,C4,21,33,40.5,107.6,5.56,35.3333333333333,09.03.21,y,Mariana
Exp5,26.02.21,F3,0.015,30,1,1.5,C4,19,32,38,99.67,5.46,44.6666666666667,09.03.21,y,Mariana
Exp5,26.02.21,F3,0.015,30,2,1.5,C4,20,33,43,99.67,5.46,44.6666666666667,09.03.21,y,Mariana
Exp5,26.02.21,F3,0.015,30,3,1.5,C4,22.5,36,44,99.67,5.46,44.6666666666667,09.03.21,y,Mariana
Exp5,26.02.21,F3,0.015,30,4,1.5,C4,16,27.5,37,99.67,5.46,44.6666666666667,09.03.21,y,Mariana
Exp5,26.02.21,F4,1.5,25,1,1.5,C1,21,32,43,91.25,5.33,32.3333333333333,12.03.21,y,Mariana
Exp5,26.02.21,F4,1.5,25,2,1.5,C1,21,30,42,91.25,5.33,32.3333333333333,12.03.21,y,Mariana
Exp5,26.02.21,F4,1.5,25,3,1.5,C1,24,32,43,91.25,5.33,32.3333333333333,12.03.21,y,Mariana
Exp5,26.02.21,F4,1.5,26,1,1.5,C1,22,31,42,96.29,5.41,42.3333333333333,12.03.21,y,Mariana
Exp5,26.02.21,F4,1.5,26,2,1.5,C1,25,35,46,96.29,5.41,42.3333333333333,12.03.21,y,Mariana
Exp5,26.02.21,F4,1.5,26,3,1.5,C1,23,31,40,96.29,5.41,42.3333333333333,12.03.21,y,Mariana
Exp5,26.02.21,F4,1.5,27,1,1.5,C1,17,29,40,111.4,5.61,34,12.03.21,y,Mariana
Exp5,26.02.21,F4,1.5,27,2,1.5,C1,20,32,42,111.4,5.61,34,12.03.21,y,Mariana
Exp5,26.02.21,F4,1.5,27,3,1.5,C1,21,32,41,111.4,5.61,34,12.03.21,y,Mariana
Exp5,26.02.21,F4,1.5,27,4,1.5,C1,18,27,35,111.4,5.61,34,12.03.21,y,Mariana
Exp5,26.02.21,F4,1.5,25,1,0.015,C2,17,26,36,91.3,5.37,36.3333333333333,12.03.21,y,Mariana
Exp5,26.02.21,F4,1.5,25,2,0.015,C2,16,24,35,91.3,5.37,36.3333333333333,12.03.21,y,Mariana
Exp5,26.02.21,F4,1.5,25,3,0.015,C2,20,29,40,91.3,5.37,36.3333333333333,12.03.21,y,Mariana
Exp5,26.02.21,F4,1.5,26,1,0.015,C2,20,27,36,93.34,5.36,30.6666666666667,12.03.21,y,Mariana
Exp5,26.02.21,F4,1.5,26,2,0.015,C2,14,21,33.5,93.34,5.36,30.6666666666667,12.03.21,y,Mariana
Exp5,26.02.21,F4,1.5,26,3,0.015,C2,16,26,35,93.34,5.36,30.6666666666667,12.03.21,y,Mariana
Exp5,26.02.21,F4,1.5,27,1,0.015,C2,13,25,36,97.8,5.46,24,12.03.21,y,Mariana
Exp5,26.02.21,F4,1.5,27,2,0.015,C2,15,22,31,97.8,5.46,24,12.03.21,y,Mariana
Exp5,26.02.21,F4,1.5,27,3,0.015,C2,17,24,34,97.8,5.46,24,12.03.21,y,Mariana
Exp5,26.02.21,F4,1.5,27,4,0.015,C2,15,23,33,97.8,5.46,24,12.03.21,y,Mariana
Exp5,26.02.21,F4,0.015,28,1,0.015,C3,16,26,36,94.68,5.37,32.3333333333333,12.03.21,y,Mariana
Exp5,26.02.21,F4,0.015,28,2,0.015,C3,16,22,31.5,94.68,5.37,32.3333333333333,12.03.21,y,Mariana
Exp5,26.02.21,F4,0.015,28,3,0.015,C3,17,26,35,94.68,5.37,32.3333333333333,12.03.21,y,Mariana
Exp5,26.02.21,F4,0.015,29,1,0.015,C3,18,26,35,91.6,5.31,26.6666666666667,12.03.21,y,Mariana
Exp5,26.02.21,F4,0.015,29,2,0.015,C3,16,24,34,91.6,5.31,26.6666666666667,12.03.21,y,Mariana
Exp5,26.02.21,F4,0.015,29,3,0.015,C3,18,25,34,91.6,5.31,26.6666666666667,12.03.21,y,Mariana
Exp5,26.02.21,F4,0.015,30,1,0.015,C3,15,22,32,95.08,5.39,34,12.03.21,y,Mariana
Exp5,26.02.21,F4,0.015,30,2,0.015,C3,16,25,34,95.08,5.39,34,12.03.21,y,Mariana
Exp5,26.02.21,F4,0.015,30,3,0.015,C3,12,21,30,95.08,5.39,34,12.03.21,y,Mariana
Exp5,26.02.21,F4,0.015,30,4,0.015,C3,11,18,25,95.08,5.39,34,12.03.21,y,Mariana
Exp5,26.02.21,F4,0.015,28,1,1.5,C4,22,33,45,98.15,5.44,37.3333333333333,12.03.21,y,Mariana
Exp5,26.02.21,F4,0.015,28,2,1.5,C4,21,36,49,98.15,5.44,37.3333333333333,12.03.21,y,Mariana
Exp5,26.02.21,F4,0.015,28,3,1.5,C4,20,30,41.5,98.15,5.44,37.3333333333333,12.03.21,y,Mariana
Exp5,26.02.21,F4,0.015,29,1,1.5,C4,18.5,26,39.5,97.06,5.42,35,12.03.21,y,Mariana
Exp5,26.02.21,F4,0.015,29,2,1.5,C4,24,35,46,97.06,5.42,35,12.03.21,y,Mariana
Exp5,26.02.21,F4,0.015,29,3,1.5,C4,20,29,41,97.06,5.42,35,12.03.21,y,Mariana
Exp5,26.02.21,F4,0.015,30,1,1.5,C4,16,23,36,91.67,5.34,35,12.03.21,y,Mariana
Exp5,26.02.21,F4,0.015,30,2,1.5,C4,19,28,37,91.67,5.34,35,12.03.21,y,Mariana
Exp5,26.02.21,F4,0.015,30,3,1.5,C4,21,32,43,91.67,5.34,35,12.03.21,y,Mariana
Exp5,26.02.21,F4,0.015,30,4,1.5,C4,20,28.5,37,91.67,5.34,35,12.03.21,y,Mariana
Exp6,NA,F2,0.015,31,1,1.5,C4,14.5,28.5,41,88.15,5.31,60,09.04.21,y,Ilkka
Exp6,NA,F2,0.015,31,2,1.5,C4,12.5,23.5,35.5,88.15,5.31,60,09.04.21,y,Ilkka
Exp6,NA,F2,0.015,31,3,1.5,C4,14,25.5,39,88.15,5.31,60,09.04.21,y,Ilkka
Exp6,NA,F2,0.015,32,1,1.5,C4,12,24,36,85.08,5.28,48.5,09.04.21,y,Ilkka
Exp6,NA,F2,0.015,32,2,1.5,C4,12.5,24.5,37,85.08,5.28,48.5,09.04.21,y,Ilkka
Exp6,NA,F2,0.015,32,3,1.5,C4,12,23.5,36.5,85.08,5.28,48.5,09.04.21,y,Ilkka
Exp6,NA,F2,0.015,33,1,1.5,C4,11.5,23.5,39,96.96,5.4,43.5,09.04.21,y,Ilkka
Exp6,NA,F2,0.015,33,2,1.5,C4,14,28.5,44,96.96,5.4,43.5,09.04.21,y,Ilkka
Exp6,NA,F2,0.015,33,3,1.5,C4,14.5,30,45,96.96,5.4,43.5,09.04.21,y,Ilkka
Exp6,NA,F2,0.015,34,1,1.5,C4,14.5,29,41,96.31,5.39,48,09.04.21,y,Ilkka
Exp6,NA,F2,0.015,34,2,1.5,C4,13.5,24.5,39,96.31,5.39,48,09.04.21,y,Ilkka
Exp6,NA,F2,0.015,34,3,1.5,C4,13,24.5,39,96.31,5.39,48,09.04.21,y,Ilkka
Exp6,NA,F2,0.015,35,1,1.5,C4,13,26,42,96.46,5.39,56.5,09.04.21,y,Ilkka
Exp6,NA,F2,0.015,35,2,1.5,C4,15,28.5,41,96.46,5.39,56.5,09.04.21,y,Ilkka
Exp6,NA,F2,0.015,35,3,1.5,C4,13,27,40.5,96.46,5.39,56.5,09.04.21,y,Ilkka
Exp6,NA,F2,1.5,36,1,1.5,C1,20,33,NA,96.06,5.4,36.5,09.04.21,y,Ilkka
Exp6,NA,F2,1.5,36,2,1.5,C1,19.5,36,NA,96.06,5.4,36.5,09.04.21,y,Ilkka
Exp6,NA,F2,1.5,36,3,1.5,C1,20,37.5,NA,96.06,5.4,36.5,09.04.21,y,Ilkka
Exp6,NA,F2,1.5,37,1,1.5,C1,15.5,30,44,88.98,5.28,36,09.04.21,y,Ilkka
Exp6,NA,F2,1.5,37,2,1.5,C1,16,29.5,43,88.98,5.28,36,09.04.21,y,Ilkka
Exp6,NA,F2,1.5,37,3,1.5,C1,15,30,43,88.98,5.28,36,09.04.21,y,Ilkka
Exp6,NA,F2,1.5,38,1,1.5,C1,12,23.5,39,92,5.33,39.5,09.04.21,y,Ilkka
Exp6,NA,F2,1.5,38,2,1.5,C1,17,30.5,43.5,92,5.33,39.5,09.04.21,y,Ilkka
Exp6,NA,F2,1.5,38,3,1.5,C1,14,28.5,43.5,92,5.33,39.5,09.04.21,y,Ilkka
Exp6,NA,F2,1.5,39,1,1.5,C1,13,26.5,39,93.6,5.35,35,09.04.21,y,Ilkka
Exp6,NA,F2,1.5,39,2,1.5,C1,15.5,30.5,42,93.6,5.35,35,09.04.21,y,Ilkka
Exp6,NA,F2,1.5,39,3,1.5,C1,11.5,23.5,34,93.6,5.35,35,09.04.21,y,Ilkka
Exp6,NA,F2,1.5,40,1,1.5,C1,17.5,34,NA,97.07,5.37,44,09.04.21,y,Ilkka
Exp6,NA,F2,1.5,40,2,1.5,C1,15,28,45,97.07,5.37,44,09.04.21,y,Ilkka
Exp6,NA,F2,1.5,40,3,1.5,C1,17.5,31,45.5,97.07,5.37,44,09.04.21,y,Ilkka
Exp6,NA,F2,0.015,31,1,0.015,C3,11.5,20.5,33,88.15,5.31,60,09.04.21,y,Ilkka
Exp6,NA,F2,0.015,31,2,0.015,C3,12,22.5,35.5,88.15,5.31,60,09.04.21,y,Ilkka
Exp6,NA,F2,0.015,31,3,0.015,C3,13,24,36.5,88.15,5.31,60,09.04.21,y,Ilkka
Exp6,NA,F2,0.015,32,1,0.015,C3,12,21.5,33,85.08,5.28,48.5,09.04.21,y,Ilkka
Exp6,NA,F2,0.015,32,2,0.015,C3,11.5,23.5,35,85.08,5.28,48.5,09.04.21,y,Ilkka
Exp6,NA,F2,0.015,32,3,0.015,C3,11.5,21,31.5,85.08,5.28,48.5,09.04.21,y,Ilkka
Exp6,NA,F2,0.015,33,1,0.015,C3,15.5,27.5,38,96.96,5.4,43.5,09.04.21,y,Ilkka
Exp6,NA,F2,0.015,33,2,0.015,C3,13.5,26.5,41.5,96.96,5.4,43.5,09.04.21,y,Ilkka
Exp6,NA,F2,0.015,33,3,0.015,C3,11,24,35.5,96.96,5.4,43.5,09.04.21,y,Ilkka
Exp6,NA,F2,0.015,34,1,0.015,C3,15,28.5,41.5,96.31,5.39,48,09.04.21,y,Ilkka
Exp6,NA,F2,0.015,34,2,0.015,C3,13,23.5,35.5,96.31,5.39,48,09.04.21,y,Ilkka
Exp6,NA,F2,0.015,34,3,0.015,C3,13,24,33.5,96.31,5.39,48,09.04.21,y,Ilkka
Exp6,NA,F2,0.015,35,1,0.015,C3,13.5,23.5,35,96.46,5.39,56.5,09.04.21,y,Ilkka
Exp6,NA,F2,0.015,35,2,0.015,C3,12,23,34.5,96.46,5.39,56.5,09.04.21,y,Ilkka
Exp6,NA,F2,0.015,35,3,0.015,C3,13,24,34.5,96.46,5.39,56.5,09.04.21,y,Ilkka
Exp6,NA,F2,1.5,36,1,0.015,C2,16,27.5,40,96.06,5.4,36.5,09.04.21,y,Ilkka
Exp6,NA,F2,1.5,36,2,0.015,C2,18.5,31.5,45,96.06,5.4,36.5,09.04.21,y,Ilkka
Exp6,NA,F2,1.5,36,3,0.015,C2,15,26.5,38,96.06,5.4,36.5,09.04.21,y,Ilkka
Exp6,NA,F2,1.5,37,1,0.015,C2,12,19,33,88.98,5.28,36,09.04.21,y,Ilkka
Exp6,NA,F2,1.5,37,2,0.015,C2,12.5,23,35,88.98,5.28,36,09.04.21,y,Ilkka
Exp6,NA,F2,1.5,37,3,0.015,C2,9.5,17.5,28,88.98,5.28,36,09.04.21,y,Ilkka
Exp6,NA,F2,1.5,38,1,0.015,C2,13.5,24.5,36,92,5.33,39.5,09.04.21,y,Ilkka
Exp6,NA,F2,1.5,38,2,0.015,C2,13,26,39,92,5.33,39.5,09.04.21,y,Ilkka
Exp6,NA,F2,1.5,38,3,0.015,C2,16.5,28,39.5,92,5.33,39.5,09.04.21,y,Ilkka
Exp6,NA,F2,1.5,39,1,0.015,C2,12,23.5,34,93.6,5.35,35,09.04.21,y,Ilkka
Exp6,NA,F2,1.5,39,2,0.015,C2,11.5,22,32.5,93.6,5.35,35,09.04.21,y,Ilkka
Exp6,NA,F2,1.5,39,3,0.015,C2,14,26,39.5,93.6,5.35,35,09.04.21,y,Ilkka
Exp6,NA,F2,1.5,40,1,0.015,C2,13,25,39.5,97.07,5.37,44,09.04.21,y,Ilkka
Exp6,NA,F2,1.5,40,2,0.015,C2,12.5,25.5,40,97.07,5.37,44,09.04.21,y,Ilkka
Exp6,NA,F2,1.5,40,3,0.015,C2,13,23.5,35.5,97.07,5.37,44,09.04.21,y,Ilkka
Exp6,NA,F3,0.015,31,1,1.5,C4,19,37,NA,101.8,5.45,61,14.04.21,y,Ilkka
Exp6,NA,F3,0.015,31,2,1.5,C4,19,35.5,NA,101.8,5.45,61,14.04.21,y,Ilkka
Exp6,NA,F3,0.015,31,3,1.5,C4,18,33.5,NA,101.8,5.45,61,14.04.21,y,Ilkka
Exp6,NA,F3,0.015,32,1,1.5,C4,19,33.5,NA,103.3,5.46,60,14.04.21,y,Ilkka
Exp6,NA,F3,0.015,32,2,1.5,C4,21.5,38,NA,103.3,5.46,60,14.04.21,y,Ilkka
Exp6,NA,F3,0.015,32,3,1.5,C4,17,34,NA,103.3,5.46,60,14.04.21,y,Ilkka
Exp6,NA,F3,0.015,33,1,1.5,C4,18,33.5,NA,91.9,5.31,69,14.04.21,y,Ilkka
Exp6,NA,F3,0.015,33,2,1.5,C4,18,33.5,NA,91.9,5.31,69,14.04.21,y,Ilkka
Exp6,NA,F3,0.015,33,3,1.5,C4,17.5,33,NA,91.9,5.31,69,14.04.21,y,Ilkka
Exp6,NA,F3,0.015,34,1,1.5,C4,19.5,37,NA,95.99,5.38,56,14.04.21,y,Ilkka
Exp6,NA,F3,0.015,34,2,1.5,C4,18,34,NA,95.99,5.38,56,14.04.21,y,Ilkka
Exp6,NA,F3,0.015,34,3,1.5,C4,16.5,31,NA,95.99,5.38,56,14.04.21,y,Ilkka
Exp6,NA,F3,0.015,35,1,1.5,C4,17,34,NA,100.6,5.46,39,14.04.21,y,Ilkka
Exp6,NA,F3,0.015,35,2,1.5,C4,18,34,NA,100.6,5.46,39,14.04.21,y,Ilkka
Exp6,NA,F3,0.015,35,3,1.5,C4,17,33,NA,100.6,5.46,39,14.04.21,y,Ilkka
Exp6,NA,F3,1.5,36,1,1.5,C1,17,31.5,NA,96.16,5.36,57,14.04.21,y,Ilkka
Exp6,NA,F3,1.5,36,2,1.5,C1,20,29,NA,96.16,5.36,57,14.04.21,y,Ilkka
Exp6,NA,F3,1.5,36,3,1.5,C1,20,37,NA,96.16,5.36,57,14.04.21,y,Ilkka
Exp6,NA,F3,1.5,37,1,1.5,C1,18.5,35,NA,99.79,5.43,62,14.04.21,y,Ilkka
Exp6,NA,F3,1.5,37,2,1.5,C1,15.5,31.5,NA,99.79,5.43,62,14.04.21,y,Ilkka
Exp6,NA,F3,1.5,37,3,1.5,C1,17,33,NA,99.79,5.43,62,14.04.21,y,Ilkka
Exp6,NA,F3,1.5,38,1,1.5,C1,18.5,34.5,NA,104.5,5.5,62,14.04.21,y,Ilkka
Exp6,NA,F3,1.5,38,2,1.5,C1,18,36.5,NA,104.5,5.5,62,14.04.21,y,Ilkka
Exp6,NA,F3,1.5,38,3,1.5,C1,17.5,33,NA,104.5,5.5,62,14.04.21,y,Ilkka
Exp6,NA,F3,1.5,39,1,1.5,C1,18,34.5,NA,96.8,5.37,49,14.04.21,y,Ilkka
Exp6,NA,F3,1.5,39,2,1.5,C1,13.5,28.5,NA,96.8,5.37,49,14.04.21,y,Ilkka
Exp6,NA,F3,1.5,39,3,1.5,C1,19,36,NA,96.8,5.37,49,14.04.21,y,Ilkka
Exp6,NA,F3,1.5,40,1,1.5,C1,18.5,34.5,NA,93.09,4.92,57,14.04.21,y,Ilkka
Exp6,NA,F3,1.5,40,2,1.5,C1,17.5,33.5,NA,93.09,4.92,57,14.04.21,y,Ilkka
Exp6,NA,F3,1.5,40,3,1.5,C1,18.5,34,NA,93.09,4.92,57,14.04.21,y,Ilkka
Exp6,NA,F3,0.015,31,1,0.015,C3,15.5,26.5,NA,95.89,5.4,51,14.04.21,y,Ilkka
Exp6,NA,F3,0.015,31,2,0.015,C3,14.5,27,NA,95.89,5.4,51,14.04.21,y,Ilkka
Exp6,NA,F3,0.015,31,3,0.015,C3,14.5,28.5,NA,95.89,5.4,51,14.04.21,y,Ilkka
Exp6,NA,F3,0.015,32,1,0.015,C3,13,23.5,NA,100.7,5.49,41,14.04.21,y,Ilkka
Exp6,NA,F3,0.015,32,2,0.015,C3,14,27,NA,100.7,5.49,41,14.04.21,y,Ilkka
Exp6,NA,F3,0.015,32,3,0.015,C3,13,24,NA,100.7,5.49,41,14.04.21,y,Ilkka
Exp6,NA,F3,0.015,33,1,0.015,C3,12,23,NA,103.4,5.51,47,14.04.21,y,Ilkka
Exp6,NA,F3,0.015,33,2,0.015,C3,13.5,25.5,NA,103.4,5.51,47,14.04.21,y,Ilkka
Exp6,NA,F3,0.015,33,3,0.015,C3,13,25,NA,103.4,5.51,47,14.04.21,y,Ilkka
Exp6,NA,F3,0.015,34,1,0.015,C3,14.5,28,NA,104.2,5.22,58,14.04.21,y,Ilkka
Exp6,NA,F3,0.015,34,2,0.015,C3,12,22,NA,104.2,5.22,58,14.04.21,y,Ilkka
Exp6,NA,F3,0.015,34,3,0.015,C3,14.5,28,NA,104.2,5.22,58,14.04.21,y,Ilkka
Exp6,NA,F3,0.015,35,1,0.015,C3,16.5,30,NA,104.7,5.53,53,14.04.21,y,Ilkka
Exp6,NA,F3,0.015,35,2,0.015,C3,15,29,NA,104.7,5.53,53,14.04.21,y,Ilkka
Exp6,NA,F3,0.015,35,3,0.015,C3,16,29,NA,104.7,5.53,53,14.04.21,y,Ilkka
Exp6,NA,F3,1.5,36,1,0.015,C2,13,26.5,NA,106.9,5.58,29,14.04.21,y,Ilkka
Exp6,NA,F3,1.5,36,2,0.015,C2,12,22.5,NA,106.9,5.58,29,14.04.21,y,Ilkka
Exp6,NA,F3,1.5,36,3,0.015,C2,13.5,25,NA,106.9,5.58,29,14.04.21,y,Ilkka
Exp6,NA,F3,1.5,37,1,0.015,C2,15.5,28.5,NA,107.4,5.59,41,14.04.21,y,Ilkka
Exp6,NA,F3,1.5,37,2,0.015,C2,13.5,26,NA,107.4,5.59,41,14.04.21,y,Ilkka
Exp6,NA,F3,1.5,37,3,0.015,C2,15,29,NA,107.4,5.59,41,14.04.21,y,Ilkka
Exp6,NA,F3,1.5,38,1,0.015,C2,14,26.5,NA,101.9,5.49,36,14.04.21,y,Ilkka
Exp6,NA,F3,1.5,38,2,0.015,C2,15.5,28,NA,101.9,5.49,36,14.04.21,y,Ilkka
Exp6,NA,F3,1.5,38,3,0.015,C2,14.5,27.5,NA,101.9,5.49,36,14.04.21,y,Ilkka
Exp6,NA,F3,1.5,39,1,0.015,C2,14.5,27,NA,104.4,5.54,54,14.04.21,y,Ilkka
Exp6,NA,F3,1.5,39,2,0.015,C2,13.5,27.5,NA,104.4,5.54,54,14.04.21,y,Ilkka
Exp6,NA,F3,1.5,39,3,0.015,C2,15,25.5,NA,104.4,5.54,54,14.04.21,y,Ilkka
Exp6,NA,F3,1.5,40,1,0.015,C2,16,28,NA,107.4,5.57,41,14.04.21,y,Ilkka
Exp6,NA,F3,1.5,40,2,0.015,C2,13,24,NA,107.4,5.57,41,14.04.21,y,Ilkka
Exp6,NA,F3,1.5,40,3,0.015,C2,14,27.5,NA,107.4,5.57,41,14.04.21,y,Ilkka
Exp7,NA,F2,1.5,41,1,0.015,C2,13.5,NA,NA,NA,NA,NA,NA,n,Pauliinna
Exp7,NA,F2,1.5,42,1,0.015,C2,15.5,NA,NA,NA,NA,NA,NA,n,Pauliinna
Exp7,NA,F2,1.5,43,1,0.015,C2,13.75,NA,NA,NA,NA,NA,NA,n,Pauliinna
Exp7,NA,F2,1.5,44,1,0.015,C2,13,NA,NA,NA,NA,NA,NA,n,Pauliinna
Exp7,NA,F2,1.5,45,1,0.015,C2,13.25,NA,NA,NA,NA,NA,NA,n,Pauliinna
Exp7,NA,F2,1.5,46,1,0.015,C2,14.25,NA,NA,NA,NA,NA,NA,n,Pauliinna
Exp7,NA,F2,1.5,47,1,0.015,C2,13,NA,NA,NA,NA,NA,NA,n,Pauliinna
Exp7,NA,F2,1.5,48,1,0.015,C2,13.25,NA,NA,NA,NA,NA,NA,n,Pauliinna
Exp7,NA,F2,1.5,49,1,0.015,C2,11.5,NA,NA,NA,NA,NA,NA,n,Pauliinna
Exp7,NA,F2,0.015,50,1,0.015,C3,7.5,NA,NA,NA,NA,NA,NA,n,Pauliinna
Exp7,NA,F2,0.015,51,1,0.015,C3,8.25,NA,NA,NA,NA,NA,NA,n,Pauliinna
Exp7,NA,F2,0.015,52,1,0.015,C3,9.75,NA,NA,NA,NA,NA,NA,n,Pauliinna
Exp7,NA,F2,0.015,53,1,0.015,C3,7.25,NA,NA,NA,NA,NA,NA,n,Pauliinna
Exp7,NA,F2,0.015,54,1,0.015,C3,7.75,NA,NA,NA,NA,NA,NA,n,Pauliinna
Exp7,NA,F2,0.015,55,1,0.015,C3,9.25,NA,NA,NA,NA,NA,NA,n,Pauliinna
Exp7,NA,F2,0.015,56,1,0.015,C3,9,NA,NA,NA,NA,NA,NA,n,Pauliinna
Exp7,NA,F2,0.015,57,1,0.015,C3,9.25,NA,NA,NA,NA,NA,NA,n,Pauliinna
Exp7,NA,F2,0.015,58,1,0.015,C3,8,NA,NA,NA,NA,NA,NA,n,Pauliinna
Exp7,NA,F2,1.5,41,1,1.5,C1,8.25,NA,NA,NA,NA,NA,NA,n,Pauliinna
Exp7,NA,F2,1.5,42,1,1.5,C1,11.75,NA,NA,NA,NA,NA,NA,n,Pauliinna
Exp7,NA,F2,1.5,43,1,1.5,C1,8.75,NA,NA,NA,NA,NA,NA,n,Pauliinna
Exp7,NA,F2,1.5,44,1,1.5,C1,13.25,NA,NA,NA,NA,NA,NA,n,Pauliinna
Exp7,NA,F2,1.5,45,1,1.5,C1,12,NA,NA,NA,NA,NA,NA,n,Pauliinna
Exp7,NA,F2,1.5,46,1,1.5,C1,14.75,NA,NA,NA,NA,NA,NA,n,Pauliinna
Exp7,NA,F2,1.5,47,1,1.5,C1,13,NA,NA,NA,NA,NA,NA,n,Pauliinna
Exp7,NA,F2,1.5,48,1,1.5,C1,13.75,NA,NA,NA,NA,NA,NA,n,Pauliinna
Exp7,NA,F2,1.5,49,1,1.5,C1,12.5,NA,NA,NA,NA,NA,NA,n,Pauliinna
Exp7,NA,F2,0.015,50,1,1.5,C4,13.5,NA,NA,NA,NA,NA,NA,n,Pauliinna
Exp7,NA,F2,0.015,51,1,1.5,C4,11,NA,NA,NA,NA,NA,NA,n,Pauliinna
Exp7,NA,F2,0.015,52,1,1.5,C4,9.75,NA,NA,NA,NA,NA,NA,n,Pauliinna
Exp7,NA,F2,0.015,53,1,1.5,C4,12,NA,NA,NA,NA,NA,NA,n,Pauliinna
Exp7,NA,F2,0.015,54,1,1.5,C4,11.5,NA,NA,NA,NA,NA,NA,n,Pauliinna
Exp7,NA,F2,0.015,55,1,1.5,C4,12.75,NA,NA,NA,NA,NA,NA,n,Pauliinna
Exp7,NA,F2,0.015,56,1,1.5,C4,5.25,NA,NA,NA,NA,NA,NA,n,Pauliinna
Exp7,NA,F2,0.015,57,1,1.5,C4,11.25,NA,NA,NA,NA,NA,NA,n,Pauliinna
Exp7,NA,F2,0.015,58,1,1.5,C4,10.5,NA,NA,NA,NA,NA,NA,n,Pauliinna
Exp8,NA,F2,1.5,59,1,1.5,C1,34,NA,NA,NA,5.28,NA,NA,n,Pauliinna
Exp8,NA,F2,1.5,60,1,1.5,C1,33.5,NA,NA,NA,5.36,NA,NA,n,Pauliinna
Exp8,NA,F2,1.5,61,1,1.5,C1,33.5,NA,NA,NA,5.4,NA,NA,n,Pauliinna
Exp8,NA,F2,1.5,62,1,1.5,C1,36,NA,NA,NA,5.36,NA,NA,n,Pauliinna
Exp8,NA,F2,1.5,63,1,1.5,C1,38,NA,NA,NA,5.23,NA,NA,n,Pauliinna
Exp8,NA,F2,1.5,64,1,1.5,C1,31,NA,NA,NA,5.35,NA,NA,n,Pauliinna
Exp8,NA,F2,1.5,59,1,0.015,C2,34,NA,NA,NA,5.28,NA,NA,n,Pauliinna
Exp8,NA,F2,1.5,60,1,0.015,C2,26.5,NA,NA,NA,5.4,NA,NA,n,Pauliinna
Exp8,NA,F2,1.5,61,1,0.015,C2,29.5,NA,NA,NA,5.36,NA,NA,n,Pauliinna
Exp8,NA,F2,1.5,62,1,0.015,C2,25.5,NA,NA,NA,5.23,NA,NA,n,Pauliinna
Exp8,NA,F2,1.5,63,1,0.015,C2,26.5,NA,NA,NA,5.27,NA,NA,n,Pauliinna
Exp8,NA,F2,1.5,64,1,0.015,C2,29.5,NA,NA,NA,5.35,NA,NA,n,Pauliinna
Exp8,NA,F2,0.015,65,1,0.015,C3,29,NA,NA,NA,5.03,NA,NA,n,Pauliinna
Exp8,NA,F2,0.015,66,1,0.015,C3,30,NA,NA,NA,5.32,NA,NA,n,Pauliinna
Exp8,NA,F2,0.015,67,1,0.015,C3,27,NA,NA,NA,5.26,NA,NA,n,Pauliinna
Exp8,NA,F2,0.015,68,1,0.015,C3,30.5,NA,NA,NA,5.38,NA,NA,n,Pauliinna
Exp8,NA,F2,0.015,69,1,0.015,C3,29,NA,NA,NA,5.19,NA,NA,n,Pauliinna
Exp8,NA,F2,0.015,70,1,0.015,C3,26.5,NA,NA,NA,5.04,NA,NA,n,Pauliinna
Exp8,NA,F2,0.015,71,1,0.015,C3,28,NA,NA,NA,5.28,NA,NA,n,Pauliinna
Exp8,NA,F2,0.015,65,1,1.5,C4,36,NA,NA,NA,5.03,NA,NA,n,Pauliinna
Exp8,NA,F2,0.015,66,1,1.5,C4,31,NA,NA,NA,5.32,NA,NA,n,Pauliinna
Exp8,NA,F2,0.015,67,1,1.5,C4,26.5,NA,NA,NA,5.26,NA,NA,n,Pauliinna
Exp8,NA,F2,0.015,68,1,1.5,C4,30,NA,NA,NA,5.38,NA,NA,n,Pauliinna
Exp8,NA,F2,0.015,69,1,1.5,C4,33,NA,NA,NA,5.19,NA,NA,n,Pauliinna
Exp8,NA,F2,0.015,70,1,1.5,C4,31,NA,NA,NA,5.04,NA,NA,n,Pauliinna
Exp8,NA,F2,0.015,71,1,1.5,C4,30,NA,NA,NA,5.28,NA,NA,n,Pauliinna
Exp9,NA,F2,1.5,72,1,1.5,C1,30.5,NA,NA,NA,5.25,NA,NA,n,Pauliinna
Exp9,NA,F2,1.5,73,1,1.5,C1,32,NA,NA,NA,5.33,NA,NA,n,Pauliinna
Exp9,NA,F2,1.5,74,1,1.5,C1,40,NA,NA,NA,5.21,NA,NA,n,Pauliinna
Exp9,NA,F2,1.5,75,1,1.5,C1,36,NA,NA,NA,5.21,NA,NA,n,Pauliinna
Exp9,NA,F2,1.5,76,1,1.5,C1,28.5,NA,NA,NA,5.35,NA,NA,n,Pauliinna
Exp9,NA,F2,1.5,77,1,1.5,C1,34,NA,NA,NA,5.35,NA,NA,n,Pauliinna
Exp9,NA,F2,1.5,78,1,1.5,C1,35,NA,NA,NA,5.37,NA,NA,n,Pauliinna
Exp9,NA,F2,1.5,72,1,0.015,C2,25,NA,NA,NA,5.25,NA,NA,n,Pauliinna
Exp9,NA,F2,1.5,73,1,0.015,C2,19,NA,NA,NA,5.33,NA,NA,n,Pauliinna
Exp9,NA,F2,1.5,74,1,0.015,C2,20.5,NA,NA,NA,5.21,NA,NA,n,Pauliinna
Exp9,NA,F2,1.5,75,1,0.015,C2,23,NA,NA,NA,5.21,NA,NA,n,Pauliinna
Exp9,NA,F2,1.5,76,1,0.015,C2,22,NA,NA,NA,5.35,NA,NA,n,Pauliinna
Exp9,NA,F2,1.5,77,1,0.015,C2,29,NA,NA,NA,5.35,NA,NA,n,Pauliinna
Exp9,NA,F2,1.5,78,1,0.015,C2,22,NA,NA,NA,5.37,NA,NA,n,Pauliinna
Exp9,NA,F2,0.015,79,1,0.015,C3,15.5,NA,NA,NA,5.81,NA,NA,n,Pauliinna
Exp9,NA,F2,0.015,80,1,0.015,C3,16,NA,NA,NA,5.67,NA,NA,n,Pauliinna
Exp9,NA,F2,0.015,81,1,0.015,C3,16.5,NA,NA,NA,5.59,NA,NA,n,Pauliinna
Exp9,NA,F2,0.015,82,1,0.015,C3,17,NA,NA,NA,5.43,NA,NA,n,Pauliinna
Exp9,NA,F2,0.015,83,1,0.015,C3,16,NA,NA,NA,5.31,NA,NA,n,Pauliinna
Exp9,NA,F2,0.015,84,1,0.015,C3,16,NA,NA,NA,5.26,NA,NA,n,Pauliinna
Exp9,NA,F2,0.015,85,1,0.015,C3,18.5,NA,NA,NA,5.24,NA,NA,n,Pauliinna
Exp9,NA,F2,0.015,79,1,1.5,C4,22,NA,NA,NA,5.81,NA,NA,n,Pauliinna
Exp9,NA,F2,0.015,80,1,1.5,C4,27.5,NA,NA,NA,5.67,NA,NA,n,Pauliinna
Exp9,NA,F2,0.015,81,1,1.5,C4,18,NA,NA,NA,5.59,NA,NA,n,Pauliinna
Exp9,NA,F2,0.015,82,1,1.5,C4,21,NA,NA,NA,5.43,NA,NA,n,Pauliinna
Exp9,NA,F2,0.015,83,1,1.5,C4,26,NA,NA,NA,5.31,NA,NA,n,Pauliinna
Exp9,NA,F2,0.015,84,1,1.5,C4,22,NA,NA,NA,5.26,NA,NA,n,Pauliinna
Exp9,NA,F2,0.015,85,1,1.5,C4,24,NA,NA,NA,5.24,NA,NA,n,Pauliinna
